{
  "project_info": {
    "project_number": "480281606489",
    "firebase_url": "https://highway-vehicle-default-rtdb.firebaseio.com",
    "project_id": "highway-vehicle",
    "storage_bucket": "highway-vehicle.appspot.com"
  },
  "client": [
    {
      "client_info": {
        "mobilesdk_app_id": "1:480281606489:android:c7457ccdbe56be0aecf448",
        "android_client_info": {
          "package_name": "com.highway.vehicle"
        }
      },
      "oauth_client": [
        {
          "client_id": "480281606489-9s8cj6f2ljmijiolqjdmm8jrugqnicjd.apps.googleusercontent.com",
          "client_type": 1,
          "android_info": {
            "package_name": "com.highway.vehicle",
            "certificate_hash": "0dc6ff113f873f13290cd2ca450cf9c2d8f34644"
          }
        },
        {
          "client_id": "480281606489-8ojkohh9jkp16699nil5699rhhnb5e56.apps.googleusercontent.com",
          "client_type": 3
        }
      ],
      "api_key": [
        {
          "current_key": "AIzaSyAuq5lWScn7xr_EzIidAd2VaS8fx9qp7qI"
        }
      ],
      "services": {
        "appinvite_service": {
          "other_platform_oauth_client": [
            {
              "client_id": "480281606489-8ojkohh9jkp16699nil5699rhhnb5e56.apps.googleusercontent.com",
              "client_type": 3
            }
          ]
        }
      }
    },
    {
      "client_info": {
        "mobilesdk_app_id": "1:480281606489:android:224acdc3328b64bcecf448",
        "android_client_info": {
          "package_name": "com.vehicle.sensor"
        }
      },
      "oauth_client": [
        {
          "client_id": "480281606489-8ojkohh9jkp16699nil5699rhhnb5e56.apps.googleusercontent.com",
          "client_type": 3
        }
      ],
      "api_key": [
        {
          "current_key": "AIzaSyAuq5lWScn7xr_EzIidAd2VaS8fx9qp7qI"
        }
      ],
      "services": {
        "appinvite_service": {
          "other_platform_oauth_client": [
            {
              "client_id": "480281606489-8ojkohh9jkp16699nil5699rhhnb5e56.apps.googleusercontent.com",
              "client_type": 3
            }
          ]
        }
      }
    }
  ],
  "configuration_version": "1"
}